Date,Monthly Listeners
10-09-2019,11222742
10-10-2019,11199913
10-11-2019,11176860
10-12-2019,11143064
10-13-2019,11089268
10-14-2019,11089268
10-15-2019,11071920
10-16-2019,11055677
10-17-2019,11033057
10-18-2019,11004282
10-19-2019,10978599
10-20-2019,10948631
10-21-2019,10921937
10-22-2019,10898250
10-23-2019,10886739
10-24-2019,10873991
10-25-2019,10866701
10-26-2019,10848546
10-27-2019,10828842
10-28-2019,10808833
10-29-2019,10797666
10-30-2019,10793683
10-31-2019,10773841
11-01-2019,10746222
11-02-2019,10718162
11-03-2019,10688650
11-04-2019,10666950
11-05-2019,10622330
11-06-2019,10622330
11-07-2019,10590703
11-08-2019,10568302
11-09-2019,10550226
11-10-2019,10535760
11-11-2019,10514206
11-12-2019,10470615
11-13-2019,10470615
11-14-2019,10442784
11-15-2019,10424878
11-16-2019,10407145
11-17-2019,10388997
11-18-2019,10377065
11-19-2019,10366715
11-20-2019,10338546
11-21-2019,10338546
11-22-2019,10324539
11-23-2019,10316023
11-24-2019,10308631
11-25-2019,10285149
11-26-2019,10272312
11-27-2019,10272312
11-28-2019,10264772
11-29-2019,10264772
11-30-2019,10256417
12-01-2019,10251198
12-02-2019,10248547
12-03-2019,10247741
12-04-2019,10248110
12-05-2019,10256478
12-06-2019,10315335
12-07-2019,10380346
12-08-2019,10414568
12-09-2019,10447723
12-10-2019,10478721
12-11-2019,10533230
12-12-2019,10547783
12-13-2019,10547783
12-14-2019,10568329
12-15-2019,10589821
12-16-2019,10601459
12-17-2019,10619191
12-18-2019,10619191
12-19-2019,10628489
12-20-2019,10632861
12-21-2019,10649203
12-22-2019,10656301
12-23-2019,10656301
12-24-2019,10682119
12-25-2019,10715616
12-26-2019,10699977
12-27-2019,10691876
12-28-2019,10700986
12-29-2019,10701950
12-30-2019,10698469
12-31-2019,10717345
01-01-2020,10760669
01-02-2020,10714289
01-03-2020,10670316
01-04-2020,10638494
01-05-2020,10613359
01-06-2020,10585306
01-07-2020,10560928
01-08-2020,10549181
01-09-2020,10549181
01-10-2020,10542436
01-11-2020,10532677
01-12-2020,10511098
01-13-2020,10503868
01-14-2020,10501310
01-15-2020,10508105
01-16-2020,10514026
01-17-2020,10510759
01-18-2020,10501693
01-19-2020,10472363
01-20-2020,10472363
01-21-2020,10459720
01-22-2020,10418573
01-23-2020,10422724
01-24-2020,10427888
01-25-2020,10419355
01-26-2020,10419355
01-27-2020,10408550
01-28-2020,10384939
01-29-2020,10328956
01-30-2020,10359924
01-31-2020,10372565
02-01-2020,10365524
02-02-2020,10362744
02-03-2020,10354432
02-04-2020,10354432
02-05-2020,10354432
02-06-2020,10356219
02-07-2020,10347310
02-08-2020,10343670
02-09-2020,10346491
02-10-2020,10346491
02-11-2020,10331087
02-12-2020,10331087
02-13-2020,10316336
02-14-2020,10393829
02-15-2020,10443033
02-16-2020,10443033
02-17-2020,10473684
02-18-2020,10540852
02-19-2020,10540852
02-20-2020,10588754
02-21-2020,10588754
02-22-2020,10588754
02-23-2020,10588754
02-24-2020,10566749
02-25-2020,10533369
02-26-2020,10533369
02-27-2020,10493362
02-28-2020,10461599
02-29-2020,10404435
03-01-2020,10404435
03-02-2020,10381542
03-03-2020,10318306
03-04-2020,10318306
03-05-2020,10273357
03-06-2020,10276862
03-07-2020,10276862
03-08-2020,10288502
03-09-2020,10279031
03-10-2020,10262821
03-11-2020,10242247
03-12-2020,10216994
03-13-2020,10180995
03-14-2020,10080546
03-15-2020,10012030
03-16-2020,9952686
03-17-2020,9878805
03-18-2020,9764182
03-19-2020,9764182
03-20-2020,9707529
03-21-2020,9637747
03-22-2020,9621226
03-23-2020,9616792
03-24-2020,9615924
03-25-2020,9632135
03-26-2020,9631224
03-27-2020,9631224
03-28-2020,9623599
03-29-2020,9602906
03-30-2020,9586162
03-31-2020,9588399
04-01-2020,9586693
04-02-2020,9586693
04-03-2020,9473936
04-04-2020,9473936
04-05-2020,9370138
04-06-2020,9370138
04-07-2020,9332787
04-08-2020,9250358
04-09-2020,9250358
04-10-2020,9202849
04-11-2020,9155092
04-12-2020,9098864
04-13-2020,9098864
04-14-2020,9075208
04-15-2020,9051575
04-16-2020,8984050
04-17-2020,8959869
04-18-2020,8948019
04-19-2020,8948019
04-20-2020,8943499
04-21-2020,8938407
04-22-2020,8928001
04-23-2020,8919709
04-24-2020,8887330
04-25-2020,8887330
04-26-2020,8872673
04-27-2020,8857949
04-28-2020,8843360
04-29-2020,8828716
04-30-2020,8802948
05-01-2020,8802948
05-02-2020,8794719
05-03-2020,8783580
05-04-2020,8779415
05-05-2020,8768258
05-06-2020,8755479
05-07-2020,8743756
05-08-2020,8736162
05-09-2020,8744890
05-10-2020,8740236
05-11-2020,8740236
05-12-2020,8733494
05-13-2020,8734223
05-14-2020,8737285
05-15-2020,8738669
05-16-2020,8745423
05-17-2020,8745423
05-18-2020,8744612
05-19-2020,8732029
05-20-2020,8732029
05-21-2020,8725054
05-22-2020,8719778
05-23-2020,8713318
05-24-2020,8712561
05-25-2020,8712866
05-26-2020,8712866
05-27-2020,8710417
05-28-2020,8707616
05-29-2020,8707616
05-30-2020,8707616
05-31-2020,8695746
06-01-2020,8685239
06-02-2020,8685239
06-03-2020,8672544
06-04-2020,8665846
06-05-2020,8640017
06-06-2020,8640017
06-07-2020,8624442
06-08-2020,8624442
06-09-2020,8627454
06-10-2020,8619360
06-11-2020,8583117
06-12-2020,8567856
06-13-2020,8557031
06-14-2020,8543129
06-15-2020,8543129
06-16-2020,8530037
06-17-2020,8527332
06-18-2020,8516515
06-19-2020,8508042
06-20-2020,8524371
06-21-2020,8532513
06-22-2020,8533294
06-23-2020,8530655
06-24-2020,8527348
06-25-2020,8515771
06-26-2020,8506102
06-27-2020,8492672
06-28-2020,8476728
06-29-2020,8465854
06-30-2020,8454773
07-01-2020,8454773
07-02-2020,8439449
07-03-2020,8439449
07-04-2020,8398050
07-05-2020,8398050
07-06-2020,8379582
07-07-2020,8359386
07-08-2020,8336208
07-09-2020,8313860
07-10-2020,8293422
07-11-2020,8276411
07-12-2020,8251087
07-13-2020,8247999
07-14-2020,8239783
07-15-2020,8239783
07-16-2020,8239783
07-17-2020,8195597
07-18-2020,8195597
07-19-2020,8167692
07-20-2020,8165386
07-21-2020,8165386
07-22-2020,8150415
07-23-2020,8150415
07-24-2020,8147729
07-25-2020,8252534
07-26-2020,8316205
07-27-2020,8415786
07-28-2020,8460428
07-29-2020,8460428
07-30-2020,8500356
07-31-2020,8539022
08-01-2020,8573494
08-02-2020,8599523
08-03-2020,8627355
08-04-2020,8651943
08-05-2020,8676720
08-06-2020,8724889
08-07-2020,8756323
08-08-2020,8790237
08-09-2020,8790237
08-10-2020,8826508
08-11-2020,8869913
08-12-2020,8910847
08-13-2020,8948621
08-14-2020,8988825
08-15-2020,9024920
08-16-2020,9066338
08-17-2020,9096972
08-18-2020,9138003
08-19-2020,9176872
08-20-2020,9213954
08-21-2020,9249834
08-22-2020,9276897
08-23-2020,9323417
08-24-2020,9359000
08-25-2020,9399908
08-26-2020,9440800
08-27-2020,9487240
08-28-2020,9530588
08-29-2020,9587092
08-30-2020,9649044
08-31-2020,9697734
09-01-2020,9764800
09-02-2020,9824400
09-03-2020,9894250
09-04-2020,9958588
09-05-2020,10028243
09-06-2020,10097432
09-07-2020,10149106
09-08-2020,10202580
09-09-2020,10248560
09-10-2020,10291959
09-11-2020,10326897
09-12-2020,10361353
09-13-2020,10400124
09-14-2020,10438887
09-15-2020,10467227
09-16-2020,10507148
09-17-2020,10537025
09-18-2020,10565132
09-19-2020,10565132
09-20-2020,10559710
09-21-2020,10550895
09-22-2020,10548404
09-23-2020,10548404
09-24-2020,10559236
09-25-2020,10557339
09-26-2020,10725471
09-27-2020,10839218
09-28-2020,10839218
09-29-2020,10878043
09-30-2020,10919775
10-01-2020,10955770
10-02-2020,10995454
10-03-2020,11025534
10-04-2020,11051483
10-05-2020,11067669
10-06-2020,11082301
10-07-2020,11091999
10-08-2020,11111513
10-09-2020,11115587
10-10-2020,11128028
10-11-2020,11137695
10-12-2020,11137695
10-13-2020,11141508
10-14-2020,11149738
10-15-2020,11172891
10-16-2020,11200511
10-17-2020,11221186
10-18-2020,11243119
10-19-2020,11272287
10-20-2020,11309936
10-21-2020,11334939
10-22-2020,11354127
10-23-2020,11393588
10-24-2020,11315547
10-25-2020,11292952
10-26-2020,11298523
10-27-2020,11300581
10-28-2020,11297207
10-29-2020,11281792
10-30-2020,11265140
10-31-2020,11283549
11-01-2020,11283549
11-02-2020,11279971
11-03-2020,11292071
11-04-2020,11305709
11-05-2020,11305709
11-06-2020,11318909
11-07-2020,11351726
11-08-2020,11351726
11-09-2020,11381177
11-10-2020,11404363
11-11-2020,11433833
11-12-2020,11472570
11-13-2020,11520818
11-14-2020,11558554
11-15-2020,11594478
11-16-2020,11616760
11-17-2020,11639067
11-18-2020,11673388
11-19-2020,11704803
11-20-2020,11717406
11-21-2020,11734262
11-22-2020,11755703
11-23-2020,11757413
11-24-2020,11760975
11-25-2020,11774191
11-26-2020,11790083
11-27-2020,11797770
11-28-2020,11766289
11-29-2020,11760451
11-30-2020,11772538
12-01-2020,11777824
12-02-2020,11782548
12-03-2020,11826520
12-04-2020,11852865
12-05-2020,11860183
12-06-2020,11864386
12-07-2020,11858055
12-08-2020,11856838
12-09-2020,11847200
12-10-2020,11847200
12-11-2020,11815924
12-12-2020,11791487
12-13-2020,11763291
12-14-2020,11751279
12-15-2020,11745809
12-16-2020,11730027
12-17-2020,11706468
12-18-2020,11683441
12-19-2020,11660474
12-20-2020,11641544
12-21-2020,11627734
12-22-2020,11625631
12-23-2020,11610009
12-24-2020,11591819
12-25-2020,11591506
12-26-2020,11567517
12-27-2020,11530391
12-28-2020,11530391
12-29-2020,11499234
12-30-2020,11498513
12-31-2020,11472247
01-01-2021,11498494
01-02-2021,11436450
01-03-2021,11389283
01-04-2021,11374725
01-05-2021,11371005
01-06-2021,11374282
01-07-2021,11348178
01-08-2021,11340413
01-09-2021,11340413
01-10-2021,11333390
01-11-2021,11341039
01-12-2021,11353095
01-13-2021,11364517
01-14-2021,11364517
01-15-2021,11361237
01-16-2021,11357720
01-17-2021,11356435
01-18-2021,11356435
01-19-2021,11361246
01-20-2021,11357155
01-21-2021,11331741
01-22-2021,11306980
01-23-2021,12650727
01-24-2021,12650727
01-25-2021,12986633
01-26-2021,13288946
01-27-2021,13547499
01-28-2021,13786136
01-29-2021,13946660
01-30-2021,14332833
01-31-2021,14715180
02-01-2021,14995659
02-02-2021,15272414
02-03-2021,15553463
02-04-2021,15819840
02-05-2021,16332433
02-06-2021,16332433
02-07-2021,16559357
02-08-2021,16735450
02-09-2021,16896700
02-10-2021,17086218
02-11-2021,17275503
02-12-2021,17466545
02-13-2021,17641945
02-14-2021,17813549
02-15-2021,17967303
02-16-2021,18108978
02-17-2021,18378581
02-18-2021,18498374
02-19-2021,18175786
02-20-2021,18175786
02-21-2021,17942415
02-22-2021,17830481
02-23-2021,17742031
02-24-2021,17679097
02-25-2021,17631106
02-26-2021,17585843
02-27-2021,17469748
02-28-2021,17306360
03-01-2021,17172188
03-02-2021,17045503
03-03-2021,16920875
03-04-2021,16784481
03-05-2021,16784481
03-06-2021,16784481
03-07-2021,16338326
03-08-2021,16204632
03-09-2021,16098354
03-10-2021,15947031
03-11-2021,15792557
03-12-2021,15619175
03-13-2021,15464710
03-14-2021,15310502
03-15-2021,15017016
03-16-2021,15017016
03-17-2021,14893440
03-18-2021,14753979
03-19-2021,14610242
03-20-2021,14463613
03-21-2021,14303301
03-22-2021,14155739
03-23-2021,14005391
03-24-2021,13852555
03-25-2021,13678786
03-26-2021,13514212
03-27-2021,13394867
03-28-2021,13300053
03-29-2021,13211761
03-30-2021,13138348
03-31-2021,13063058
04-01-2021,12996036
04-02-2021,12935705
04-03-2021,12888779
04-04-2021,12844097
04-05-2021,12800325
04-06-2021,12767247
04-07-2021,12748730
04-08-2021,12738824
04-09-2021,12720654
04-10-2021,12680966
04-11-2021,12612234
04-12-2021,12595638
04-13-2021,12595638
04-14-2021,12573601
04-15-2021,12573601
04-16-2021,12573601
04-17-2021,12573601
04-18-2021,12493546
04-19-2021,12493546
04-20-2021,12479542
04-21-2021,12472249
04-22-2021,12463126
04-23-2021,12457525
04-24-2021,12453798
04-25-2021,12445299
04-26-2021,12443588
04-27-2021,12430667
04-28-2021,12430667
04-29-2021,12405095
04-30-2021,12381581
05-01-2021,12366848
05-02-2021,12348717
05-03-2021,12348717
05-04-2021,12339938
05-05-2021,12308612
05-06-2021,12308612
05-07-2021,12284014
05-08-2021,12271985
05-09-2021,12256988
05-10-2021,12256988
05-11-2021,12238326
05-12-2021,12227798
05-13-2021,12227798
05-14-2021,12235089
05-15-2021,12240776
05-16-2021,12259798
05-17-2021,12259798
05-18-2021,12274472
05-19-2021,12280867
05-20-2021,12296457
05-21-2021,12292258
05-22-2021,12292258
05-23-2021,12340126
05-24-2021,12359180
05-25-2021,12383027
05-26-2021,12404011
05-27-2021,12412855
05-28-2021,12432044
05-29-2021,12440833
05-30-2021,12447095
05-31-2021,12447095
06-01-2021,12440514
06-02-2021,12457699
06-03-2021,12457699
06-04-2021,12502504
06-05-2021,12502504
06-06-2021,12523277
06-07-2021,12523277
06-08-2021,12571945
06-09-2021,12580971
06-10-2021,12580971
06-11-2021,12571340
06-12-2021,12571340
06-13-2021,12561474
06-14-2021,12535852
06-15-2021,12522883
06-16-2021,12495135
06-17-2021,12495135
06-18-2021,12472619
06-19-2021,12405493
06-20-2021,12361516
06-21-2021,12332832
06-22-2021,12332832
06-23-2021,12304523
06-24-2021,12272626
06-25-2021,12242817
06-26-2021,12209618
06-27-2021,12151737
06-28-2021,12151737
06-29-2021,12136471
06-30-2021,12121933
07-01-2021,12091199
07-02-2021,12040853
07-03-2021,11992371
07-04-2021,11873901
07-05-2021,11873901
07-06-2021,11822784
07-07-2021,11757887
07-08-2021,11700002
07-09-2021,11653430
07-10-2021,11635642
07-11-2021,11598049
07-12-2021,11562734
07-13-2021,11541798
07-14-2021,11527898
07-15-2021,11506013
07-16-2021,11483170
07-17-2021,11450833
07-18-2021,11391123
07-19-2021,11391123
07-20-2021,11318733
07-21-2021,11318733
07-22-2021,11279429
07-23-2021,11243340
07-24-2021,11203642
07-25-2021,11171969
07-26-2021,11117294
07-27-2021,11117294
07-28-2021,11096756
07-29-2021,11073867
07-30-2021,11035243
07-31-2021,11035243
08-01-2021,11035243
08-02-2021,11046681
08-03-2021,11066010
08-04-2021,11082965
08-05-2021,11094283
08-06-2021,11072555
08-07-2021,11072555
08-08-2021,11054030
08-09-2021,11038974
08-10-2021,11026852
08-11-2021,11026852
08-12-2021,11003432
08-13-2021,10959370
08-14-2021,10935485
08-15-2021,10935485
08-16-2021,10920594
08-17-2021,10908565
08-18-2021,10908565
08-19-2021,10875112
08-20-2021,10875112
08-21-2021,10852649
08-22-2021,10840379
08-23-2021,10835927
08-24-2021,10835927
08-25-2021,10824938
08-26-2021,10807180
08-27-2021,10783971
08-28-2021,10759207
08-29-2021,10759207
08-30-2021,10745027
08-31-2021,10720801
09-01-2021,10688995
09-02-2021,10656595
09-03-2021,10629687
09-04-2021,10604027
09-05-2021,10559981
09-06-2021,10530810
09-07-2021,10508778
09-08-2021,10508778
09-09-2021,10496506
09-10-2021,10512705
09-11-2021,10649241
09-12-2021,10775036
09-13-2021,10775036
09-14-2021,10833778
09-15-2021,10946536
09-16-2021,10995822
09-17-2021,11017496
09-18-2021,11017496
09-19-2021,11052700
09-20-2021,11052700
09-21-2021,11066970
09-22-2021,11068950
09-23-2021,11102245
09-24-2021,11102245
09-25-2021,11112426
09-26-2021,11112426
09-27-2021,11126958
09-28-2021,11137003
09-29-2021,11138786
09-30-2021,11179340
10-01-2021,11211172
10-02-2021,11211172
10-03-2021,11233766
10-04-2021,11244041
10-05-2021,11269235
10-06-2021,11269235
10-07-2021,11253698
10-08-2021,11152890
10-09-2021,11086411
10-10-2021,11034433
10-11-2021,10981715
10-12-2021,10921485
10-13-2021,10921485
10-14-2021,10800437
10-15-2021,10747963
10-16-2021,10747963
10-17-2021,10713765
10-18-2021,10679976
10-19-2021,10626169
10-20-2021,10589658
10-21-2021,10589658
10-22-2021,10519518
10-23-2021,10519518
10-24-2021,10494467
10-25-2021,10459822
10-26-2021,10436282
10-27-2021,10417243
10-28-2021,10386579
10-29-2021,10352011
10-30-2021,10312194
10-31-2021,10249212
11-01-2021,10212556
11-02-2021,10212556
11-03-2021,10167391
11-04-2021,10167391
11-05-2021,10138594
11-06-2021,10099107
11-07-2021,10084481
11-08-2021,10074847
11-09-2021,10074847
11-10-2021,10066096
11-11-2021,10066096
11-12-2021,10062561
11-13-2021,10073112
11-14-2021,10074136
11-15-2021,10084135
11-16-2021,10083904
11-17-2021,10084481
11-18-2021,10093200
11-19-2021,10083360
11-20-2021,10075539
11-21-2021,10075539
11-22-2021,10070202
11-23-2021,10059730
11-24-2021,10050035
11-25-2021,10050035
11-26-2021,10028198
11-27-2021,10041547
11-28-2021,10058189
11-29-2021,10106332
11-30-2021,10106332
12-01-2021,10161782
12-02-2021,10217409
12-03-2021,10217409
12-04-2021,10368974
12-05-2021,10434695
12-06-2021,10483981
12-07-2021,10483981
12-08-2021,10528708
12-09-2021,10557804
12-10-2021,10591571
12-11-2021,10635180
12-12-2021,10739286
12-13-2021,10739286
12-14-2021,10817018
12-15-2021,10817018
12-16-2021,10870218
12-17-2021,10916788
12-18-2021,10977149
12-19-2021,11032392
12-20-2021,11032392
12-21-2021,11126554
12-22-2021,11126554
12-23-2021,11176383
12-24-2021,11362389
12-25-2021,11362389
12-26-2021,11485307
12-27-2021,11476212
12-28-2021,11456411
12-29-2021,11456411
12-30-2021,11441604
12-31-2021,11370167
01-01-2022,11279570
01-02-2022,11223516
01-03-2022,11223516
01-04-2022,11154585
01-05-2022,11122428
01-06-2022,11122428
01-07-2022,11030869
01-08-2022,10965036
01-09-2022,10965036
01-10-2022,10888940
01-11-2022,10888940
01-12-2022,10847498
01-13-2022,10768244
01-14-2022,10716476
01-15-2022,10716476
01-16-2022,10588662
01-17-2022,10588662
01-18-2022,10541087
01-19-2022,10541087
01-20-2022,10423254
01-21-2022,10334342
01-22-2022,10002287
01-23-2022,9968386
01-24-2022,9968386
01-25-2022,9965732
01-26-2022,9969346
01-27-2022,9967711
01-28-2022,9967711
01-29-2022,9993347
01-30-2022,9993347
01-31-2022,10001024
02-01-2022,10003941
02-02-2022,10003941
02-03-2022,10004340
02-04-2022,10004463
02-05-2022,10007933
02-06-2022,10035769
02-07-2022,10045538
02-08-2022,10045538
02-09-2022,10060250
02-10-2022,10071618
02-11-2022,10071618
02-12-2022,10098061
02-13-2022,10115490
02-14-2022,10130923
02-15-2022,10149479
02-16-2022,10149479
02-17-2022,10153707
02-18-2022,10159200
02-19-2022,10428888
02-20-2022,10428888
02-21-2022,10505276
02-22-2022,10666997
02-23-2022,10739425
02-24-2022,10739425
02-25-2022,10788629
02-26-2022,10831436
02-27-2022,10869923
02-28-2022,10909689
03-01-2022,10942325
03-02-2022,10971057
03-03-2022,11030363
03-04-2022,11030363
03-05-2022,11075849
03-06-2022,11075849
03-07-2022,11075849
03-08-2022,11133849
03-09-2022,11146836
03-10-2022,11146836
03-11-2022,11160362
03-12-2022,11160362
03-13-2022,11165653
03-14-2022,11169286
03-15-2022,11181829
03-16-2022,11197981
03-17-2022,11209464
03-18-2022,11217943
03-19-2022,11043808
03-20-2022,11043808
03-21-2022,10988926
03-22-2022,10937658
03-23-2022,10826214
03-24-2022,10826214
03-25-2022,10794382
03-26-2022,10764066
03-27-2022,10737901
03-28-2022,10710466
03-29-2022,10679278
03-30-2022,10653342
03-31-2022,10632142
04-01-2022,10614989
04-02-2022,10595373
04-03-2022,10574316
04-04-2022,10574316
04-05-2022,10529093
04-06-2022,10529093
04-07-2022,10529093
04-08-2022,10482386
04-09-2022,10482386
04-10-2022,10482386
04-11-2022,10466029
04-12-2022,10466029
04-13-2022,10460195
04-14-2022,10460195
04-15-2022,10455131
04-16-2022,10455131
04-17-2022,10455131
04-18-2022,10455131
04-19-2022,10455131
04-20-2022,10455131
04-21-2022,10455131
04-22-2022,10394832
04-23-2022,10394832
04-24-2022,10394832
04-25-2022,10394832
04-26-2022,10394832
04-27-2022,10394832
04-28-2022,10394832
04-29-2022,10312517
04-30-2022,10312517
05-01-2022,10312517
05-02-2022,10312517
05-03-2022,10312517
05-04-2022,10312517
05-05-2022,10312517
05-06-2022,10238570
05-07-2022,10238570
05-08-2022,10238570
05-09-2022,10238570
05-10-2022,10238570
05-11-2022,10238570
05-12-2022,10238570
05-13-2022,10223983
05-14-2022,10223983
05-15-2022,10223983
05-16-2022,10223983
05-17-2022,10223983
05-18-2022,10223983
05-19-2022,10223983
05-20-2022,10191409
05-21-2022,10191409
05-22-2022,10191409
05-23-2022,10191409
05-24-2022,10191409
05-25-2022,10191409
05-26-2022,10191409
05-27-2022,10168901
05-28-2022,10168901
05-29-2022,10168901
05-30-2022,10168901
05-31-2022,10170384
06-01-2022,10171039
06-02-2022,10173308
06-03-2022,10172248
06-04-2022,10161289
06-05-2022,10150050
06-06-2022,10145516
06-07-2022,10131184
06-08-2022,10117322
06-09-2022,10114574
06-10-2022,10105471
06-11-2022,10090251
06-12-2022,10090251
06-13-2022,10087314
06-14-2022,10078531
06-15-2022,10077502
06-16-2022,10074240
06-17-2022,10061824
06-18-2022,10045012
06-19-2022,10028138
06-20-2022,10011467
06-21-2022,10005910
06-22-2022,10000953
06-23-2022,9986638
06-24-2022,9971946
06-25-2022,9959759
06-26-2022,9956413
06-27-2022,9937773
06-28-2022,9922391
06-29-2022,9908428
06-30-2022,9893399
07-01-2022,9882319
07-02-2022,9991646
07-03-2022,10037519
07-04-2022,10063050
07-05-2022,10093648
07-06-2022,10127643
07-07-2022,10164744
07-08-2022,10204560
07-09-2022,10242909
07-10-2022,10264842
07-11-2022,10284904
07-12-2022,10312534
07-13-2022,10338742
07-14-2022,10369789
07-15-2022,10384277
07-16-2022,10564292
07-17-2022,10701903
07-18-2022,10841324
07-19-2022,10963193
07-20-2022,11069266
07-21-2022,11258370
07-22-2022,11258370
07-23-2022,11335982
07-24-2022,11408006
07-25-2022,11461705
07-26-2022,11521576
07-27-2022,11584387
07-28-2022,11649118
07-29-2022,11707276
07-30-2022,11693999
07-31-2022,11700926
08-01-2022,11716150
08-02-2022,11737151
08-03-2022,11756873
08-04-2022,11766270
08-05-2022,11780264
08-06-2022,11794690
08-07-2022,11805137
08-08-2022,11809065
08-09-2022,11819867
08-10-2022,11822980
08-11-2022,11814701
08-12-2022,11812060
08-13-2022,11700050
08-14-2022,11624522
08-15-2022,11548163
08-16-2022,11482181
08-17-2022,11424781
08-18-2022,11376082
08-19-2022,11317316
08-20-2022,11272723
08-21-2022,11235313
08-22-2022,11205750
08-23-2022,11178348
08-24-2022,11143103
08-25-2022,11107737
08-26-2022,11063486
08-27-2022,11025155
08-28-2022,10994602
08-29-2022,10966307
08-30-2022,10933982
08-31-2022,10911306
09-01-2022,10883274
09-02-2022,10854135
09-03-2022,10824956
09-04-2022,10803916
09-05-2022,10784376
09-06-2022,10784376
09-07-2022,10731656
09-08-2022,10710493
09-09-2022,10693560
09-10-2022,10684938
09-11-2022,10681507
09-12-2022,10681471
09-13-2022,10684992
09-14-2022,10683975
09-15-2022,10683975
09-16-2022,10683975
09-17-2022,10683975
09-18-2022,10683975
09-19-2022,10683975
09-20-2022,10624811
09-21-2022,10624811
09-22-2022,10624811
09-23-2022,10624811
09-24-2022,10624811
09-25-2022,10624811
09-26-2022,10624811
09-27-2022,10579994
09-28-2022,10579994
09-29-2022,10617540
09-30-2022,10640050
10-01-2022,10655501
10-02-2022,10662930
10-03-2022,10665658
10-04-2022,10681340
10-05-2022,10690182
10-06-2022,10704024
10-07-2022,10709773
10-08-2022,10722143
10-09-2022,10733451
10-10-2022,10741048
10-11-2022,10760405
10-12-2022,10779428
10-13-2022,10800248
10-14-2022,10827336
10-15-2022,10871383
10-16-2022,10911413
10-17-2022,10956586
10-18-2022,11004892
10-19-2022,11043430
10-20-2022,11085763
10-21-2022,11120638
10-22-2022,11165752
10-23-2022,11204286
10-24-2022,11279702
10-25-2022,11380068
10-26-2022,11444419
10-27-2022,11498059
10-28-2022,11542026
10-29-2022,11574302
10-30-2022,11609304
10-31-2022,11632727
11-01-2022,11654970
11-02-2022,11673762
11-03-2022,11706961
11-04-2022,11747159
11-05-2022,11781589
11-06-2022,11813852
11-07-2022,11838221
11-08-2022,11865121
11-09-2022,11899498
11-10-2022,11921635
11-11-2022,11950584
11-12-2022,11984073
11-13-2022,12031227
11-14-2022,12070880
11-15-2022,12118641
11-16-2022,12165659
11-17-2022,12224305
11-18-2022,12279974
11-19-2022,12336180
11-20-2022,12387211
11-21-2022,12413609
11-22-2022,12423053
11-23-2022,12437843
11-24-2022,12466733
11-25-2022,12496896
11-26-2022,12565275
11-27-2022,12659309
11-28-2022,12767455
11-29-2022,12877151
11-30-2022,13000958
12-01-2022,13130192
12-02-2022,13258342
12-03-2022,13414304
12-04-2022,13615719
12-05-2022,13814196
12-06-2022,13991292
12-07-2022,14124570
12-08-2022,14291837
12-09-2022,14498083
12-10-2022,14700515
12-11-2022,14924628
12-12-2022,15116147
12-13-2022,15286738
12-14-2022,15438587
12-15-2022,15634853
12-16-2022,15813120
12-17-2022,16008970
12-18-2022,16252176
12-19-2022,16457458
12-20-2022,16667655
12-21-2022,16872658
12-22-2022,17080095
12-23-2022,17329979
12-24-2022,17642573
12-25-2022,18190988
12-26-2022,18581433
12-27-2022,18719490
12-28-2022,18799046
12-29-2022,18861504
12-30-2022,18905912
12-31-2022,18950089
01-01-2023,19022173
01-02-2023,18998736
01-03-2023,18975145
01-04-2023,18987894
01-05-2023,18987712
01-06-2023,18942192
01-07-2023,18884331
01-08-2023,18821345
01-09-2023,18756975
01-10-2023,18721213
01-11-2023,18703594
01-12-2023,18713584
01-13-2023,19262876
01-14-2023,19885572
01-15-2023,20390177
01-16-2023,20832381
01-17-2023,21252534
01-18-2023,21686616
01-19-2023,22425403
01-20-2023,23036910
01-21-2023,23656866
01-22-2023,24003832
01-23-2023,24554689
01-24-2023,25403727
01-25-2023,26337070
01-26-2023,27121227
01-27-2023,27412040
01-28-2023,27713498
01-29-2023,27927423
01-30-2023,28152107
01-31-2023,28392169
02-01-2023,28614205
02-02-2023,28818272
02-03-2023,29011460
02-04-2023,29196857
02-05-2023,29379250
02-06-2023,29534903
02-07-2023,29696487
02-08-2023,29858557
02-09-2023,29986042
02-10-2023,29887523
02-11-2023,29658106
02-12-2023,29458484
02-13-2023,29272417
02-14-2023,29065083
02-15-2023,28866987
02-16-2023,28417004
02-17-2023,27964956
02-18-2023,27424626
02-19-2023,26872954
02-20-2023,26163137
02-21-2023,25417865
02-22-2023,23793524
02-23-2023,23793524
02-24-2023,23635493
02-25-2023,23486276
02-26-2023,23354689
02-27-2023,23271773
02-28-2023,23179926
03-01-2023,23106318
03-02-2023,23016114
03-03-2023,22930969
03-04-2023,22865377
03-05-2023,22815514
03-06-2023,22788407
03-07-2023,22739648
03-08-2023,22688239
03-09-2023,22652079
03-10-2023,22606226
03-11-2023,22584586
03-12-2023,22550317
03-13-2023,22529605
03-14-2023,22524921
03-15-2023,22472704
03-16-2023,22472704
03-17-2023,22463771
03-18-2023,22642621
03-19-2023,22741949
03-20-2023,22824192
03-21-2023,22891609
03-22-2023,23005660
03-23-2023,23005660
03-24-2023,23094677
03-25-2023,23181125
03-26-2023,23256119
03-27-2023,23327589
03-28-2023,23398211
03-29-2023,23452672
03-30-2023,23520592
03-31-2023,23593126
04-01-2023,23654842
04-02-2023,23710116
04-03-2023,23754505
04-04-2023,23815700
04-05-2023,23897122
04-06-2023,23960890
04-07-2023,23995623
04-08-2023,24043723
04-09-2023,24079358
04-10-2023,24102086
04-11-2023,24159312
04-12-2023,24207136
04-13-2023,24234959
04-14-2023,24245686
04-15-2023,24175288
04-16-2023,24133372
04-17-2023,24077854
04-18-2023,24074367
04-19-2023,24055949
04-20-2023,24015401
04-21-2023,23982244
04-22-2023,23976906
04-23-2023,23950011
04-24-2023,23896451
04-25-2023,23889432
04-26-2023,23871025
04-27-2023,23871435
04-28-2023,23858684
04-29-2023,23867107
04-30-2023,23869034
05-01-2023,23870538
05-02-2023,23874615
05-03-2023,23824457
05-04-2023,23824457
05-05-2023,23827373
05-06-2023,23857655
05-07-2023,23855716
05-08-2023,23841834
05-09-2023,23818417
05-10-2023,23760763
05-11-2023,23728873
05-12-2023,23745800
05-13-2023,23740468
05-14-2023,23746164
05-15-2023,23737415
05-16-2023,23721279
05-17-2023,23710600
05-18-2023,23710600
05-19-2023,23721248
05-20-2023,23701886
05-21-2023,23713851
05-22-2023,23723237
05-23-2023,23719323
05-24-2023,23704050
05-25-2023,23704050
05-26-2023,23704273
05-27-2023,23712199
05-28-2023,23727087
05-29-2023,23727108
05-30-2023,23731029
05-31-2023,23762927
06-01-2023,23762927
06-02-2023,23757318
06-03-2023,23710861
06-04-2023,23688752
06-05-2023,23688752
06-06-2023,23660108
06-07-2023,23630783
06-08-2023,23630783
06-09-2023,23583347
06-10-2023,23541242
06-11-2023,23497886
06-12-2023,23471753
06-13-2023,23450814
06-14-2023,23431910
06-15-2023,23377550
06-16-2023,23303027
06-17-2023,23261167
06-18-2023,23241380
06-19-2023,23198812
06-20-2023,23174716
06-21-2023,23157313
06-22-2023,23157313
06-23-2023,23144213
06-24-2023,23098350
06-25-2023,23040073
06-26-2023,22968330
06-27-2023,22903571
06-28-2023,22741009
06-29-2023,22741009
06-30-2023,22700090
07-01-2023,22692514
07-02-2023,22682429
07-03-2023,22654246
07-04-2023,22664932
07-05-2023,22664932
07-06-2023,22604448
07-07-2023,22589745
07-08-2023,22572846
07-09-2023,22571846
07-10-2023,22551163
07-11-2023,22520638
07-12-2023,22543121
07-13-2023,22543121
07-14-2023,22586413
07-15-2023,22594395
07-16-2023,22601676
07-17-2023,22612549
07-18-2023,22631778
07-19-2023,22637440
07-20-2023,22646022
07-21-2023,22657895
07-22-2023,22686413
07-23-2023,22739409
07-24-2023,22772588
07-25-2023,22824995
07-26-2023,22900504
07-27-2023,22977894
07-28-2023,23054530
07-29-2023,23105561
07-30-2023,23157331
07-31-2023,23193939
08-01-2023,23301350
08-02-2023,23301350
08-03-2023,23367476
08-04-2023,23402086
08-05-2023,23456225
08-06-2023,23515833
08-07-2023,23582812
08-08-2023,23629153
08-09-2023,23651299
08-10-2023,23670380
08-11-2023,23680096
08-12-2023,23738256
08-13-2023,23796602
08-14-2023,23879278
08-15-2023,23926260
08-16-2023,23954697
08-17-2023,23994286
08-18-2023,24014595
08-19-2023,24061935
08-20-2023,24134741
08-21-2023,24205348
08-22-2023,24268424
08-23-2023,24268424
08-24-2023,24338996
08-25-2023,24338996
08-26-2023,24369417
08-27-2023,24402452
08-28-2023,24443716
08-29-2023,24480511
08-30-2023,24550474
08-31-2023,24550474
09-01-2023,24616368
09-02-2023,24674883
09-03-2023,24721429
09-04-2023,24780961
09-05-2023,24851612
09-06-2023,24953759
09-07-2023,24953759
09-08-2023,24992042
09-09-2023,25017911
09-10-2023,25041845
09-11-2023,25073336
09-12-2023,25103752
09-13-2023,25149219
09-14-2023,25213609
09-15-2023,25286235
09-16-2023,25334332
09-17-2023,25354393
09-18-2023,25368676
09-19-2023,25388701
09-20-2023,25396689
09-21-2023,25406106
09-22-2023,25392496
09-23-2023,25378423
09-24-2023,25373064
09-25-2023,25368537
09-26-2023,25358856
09-27-2023,25304803
09-28-2023,25304803
09-29-2023,25328834
09-30-2023,25311893
10-01-2023,25301211
10-02-2023,25261198
10-03-2023,25241202
10-04-2023,25207510
10-05-2023,25207510
10-06-2023,25219875
10-07-2023,25207150
10-08-2023,25191587
10-09-2023,25169971
10-10-2023,25172486
10-11-2023,25077886
10-12-2023,25077886
10-13-2023,25033475
10-14-2023,24980734
10-15-2023,24910950
10-16-2023,24853683
10-17-2023,24819886
10-18-2023,24840364
10-19-2023,24840364
10-20-2023,24981958
10-21-2023,25127029
10-22-2023,25223310
10-23-2023,25298146
10-24-2023,25370170
10-25-2023,25509915
10-26-2023,25509915
10-27-2023,25532141
10-28-2023,25587777
10-29-2023,25590005
10-30-2023,25607077
10-31-2023,25655961
11-01-2023,25748854
11-02-2023,25748854
11-03-2023,25771767
11-04-2023,25811806
11-05-2023,25846639
11-06-2023,25902460
11-07-2023,25902460
11-08-2023,26077361
11-09-2023,26100225
11-10-2023,26100225
11-11-2023,26156882
11-12-2023,26223775
11-13-2023,26268261
11-14-2023,26327559
11-15-2023,26327559
11-16-2023,26224467
11-17-2023,26224467
11-18-2023,26224467
11-19-2023,26224467
11-20-2023,26240705
11-21-2023,26260659
11-22-2023,26353772
11-23-2023,26353772
11-24-2023,26403447
11-25-2023,26417490
11-26-2023,26528044
11-27-2023,26632689
11-28-2023,26704231
11-29-2023,26983440
11-30-2023,26983440
12-01-2023,27182807
12-02-2023,27438540
12-03-2023,27805668
12-04-2023,28156089
12-05-2023,28423368
12-06-2023,28423368
12-07-2023,28925527
12-08-2023,29192946
12-09-2023,29490378
12-10-2023,29864017
12-11-2023,30193566
12-12-2023,30424312
12-13-2023,31205862
12-14-2023,31205862
12-15-2023,31205862
12-16-2023,31455887
12-17-2023,31788000
12-18-2023,32066455
12-19-2023,32298822
12-20-2023,32298822
12-21-2023,32298822
12-22-2023,33068808
12-23-2023,33430788
12-24-2023,33874356
12-25-2023,34656799
12-26-2023,35347632
12-27-2023,35497240
12-28-2023,35497240
12-29-2023,35495614
12-30-2023,35473659
12-31-2023,35386758
01-01-2024,35437483
01-02-2024,35368730
01-03-2024,35302286
01-04-2024,35302286
01-05-2024,35277875
01-06-2024,35227298
01-07-2024,35142952
01-08-2024,35009823
01-09-2024,34972532
01-10-2024,34904222
01-11-2024,34904222
01-12-2024,34826180
01-13-2024,34735163
01-14-2024,34617659
01-15-2024,34523250
01-16-2024,34461829
01-17-2024,34356883
01-18-2024,34356883
01-19-2024,34238976
01-20-2024,34033498
01-21-2024,33683920
01-22-2024,32908978
01-23-2024,32161558
01-24-2024,32161558
01-25-2024,32149719
01-26-2024,32237415
01-27-2024,32237415
01-28-2024,32356105
01-29-2024,32211684
01-30-2024,32244666
01-31-2024,32244666
02-01-2024,32371684
02-02-2024,32390495
02-03-2024,32356080
02-04-2024,32307190
02-05-2024,32239698
02-06-2024,32206980
02-07-2024,32206980
02-08-2024,32377095
02-09-2024,32404843
02-10-2024,32447839
02-11-2024,32541359
02-12-2024,32562329
02-13-2024,32467091
02-14-2024,32467091
02-15-2024,32446859
02-16-2024,32446859
02-17-2024,32446859
02-18-2024,32446859
02-19-2024,32446859
02-20-2024,32404040
02-21-2024,32446859
02-22-2024,32538802
02-23-2024,32607586
02-24-2024,32672519
02-25-2024,32729868
02-26-2024,32854028
02-27-2024,32854028
02-28-2024,32854028
02-29-2024,32854028
03-01-2024,33116439
03-02-2024,33116439
03-03-2024,33231780
03-04-2024,33351459
03-05-2024,33506524
03-06-2024,33506524
03-07-2024,33682238
03-08-2024,33778220
03-09-2024,33895100
03-10-2024,34012001
03-11-2024,34097575
03-12-2024,34307492
03-13-2024,34307492
03-14-2024,34765356
03-15-2024,34765356
03-16-2024,34883841
03-17-2024,35007332
03-18-2024,35058172
03-19-2024,35129705
03-20-2024,35129705
03-21-2024,35214081
03-22-2024,35241457
03-23-2024,35495907
03-24-2024,35611607
03-25-2024,35715720
03-26-2024,35808955
03-27-2024,35808955
03-28-2024,36006343
03-29-2024,36123723
03-30-2024,36215635
03-31-2024,36256655
04-01-2024,36286791
04-02-2024,36321346
04-03-2024,36321346
04-04-2024,36338160
04-05-2024,36375816
04-06-2024,36415211
04-07-2024,36388585
04-08-2024,36410408
04-09-2024,36439174
04-10-2024,36439174
04-11-2024,36517723
04-12-2024,36531599
04-13-2024,36890209
04-14-2024,37136434
04-15-2024,37418578
04-16-2024,37745214
04-17-2024,37745214
04-18-2024,38308979
04-19-2024,38632498
04-20-2024,38971630
04-21-2024,39323990
04-22-2024,39625798
04-23-2024,40014909
04-24-2024,41476139
04-25-2024,41476139
04-26-2024,42406154
04-27-2024,43415976
04-28-2024,44414819
04-29-2024,45258703
04-30-2024,46160807
05-01-2024,46160807
05-02-2024,48695791
05-03-2024,48695791
05-04-2024,49369042
05-05-2024,50171048
05-06-2024,50849863
05-07-2024,51552302
05-08-2024,53072509
05-09-2024,53796372
05-10-2024,53796372
05-11-2024,54430771
05-12-2024,55081397
05-13-2024,55589000
05-14-2024,56025473
05-15-2024,57121726
05-16-2024,57121726
05-17-2024,57660860
05-18-2024,58226925
05-19-2024,58772522
05-20-2024,59264866
05-21-2024,59797491
05-22-2024,60194435
05-23-2024,60548253
05-24-2024,60802964
05-25-2024,61089382
05-26-2024,61341684
05-27-2024,61557969
05-28-2024,61734414
05-29-2024,61734414
05-30-2024,61734414
05-31-2024,61734414
06-01-2024,62779820
06-02-2024,62779820
06-03-2024,63043565
06-04-2024,63263784
06-05-2024,63660356
06-06-2024,63660356
06-07-2024,63791629
06-08-2024,64254119
06-09-2024,64855590
06-10-2024,65453192
06-11-2024,66159659
06-12-2024,67702261
06-13-2024,67702261
06-14-2024,68588491
06-15-2024,69594628
06-16-2024,70891768
06-17-2024,71931846
06-18-2024,72950582
06-19-2024,73912268
06-20-2024,74766047
06-21-2024,75536097
06-22-2024,76405384
06-23-2024,77335731
06-24-2024,78140722
06-25-2024,78863563
06-26-2024,78863563
06-27-2024,81148596
06-28-2024,81148596
06-29-2024,81932157
06-30-2024,82727585
07-01-2024,83408976
07-02-2024,84128121
07-03-2024,84720664
07-04-2024,85223493
07-05-2024,85731012
07-06-2024,86034022
07-07-2024,86334715
07-08-2024,86539405
07-09-2024,86774393
07-10-2024,86876785
07-11-2024,86959364
07-12-2024,86978817
07-13-2024,86808206
07-14-2024,86808206
07-15-2024,86199541
07-16-2024,85874581
07-17-2024,85614798
07-18-2024,85371649
07-19-2024,85204960
07-20-2024,84922340
07-21-2024,84697296
07-22-2024,84443975
07-23-2024,84215145
07-24-2024,83961791
07-25-2024,83518575
07-26-2024,83086586
07-27-2024,82634730
07-28-2024,82199789
07-29-2024,81821045
07-30-2024,81336125
07-31-2024,80843946
08-01-2024,80437155
08-02-2024,80087553
08-03-2024,79744787
08-04-2024,79480186
08-05-2024,79227561
08-06-2024,78899376
08-07-2024,78635841
08-08-2024,78475933
08-09-2024,78285340
08-10-2024,77970876
08-11-2024,77757774
08-12-2024,77611648
08-13-2024,77516717
08-14-2024,77516717
08-15-2024,77516717
08-16-2024,76108294
08-17-2024,74911346
08-18-2024,73619817
08-19-2024,72425120
08-20-2024,76200862
08-21-2024,76065511
08-22-2024,75990518
08-23-2024,76059664
08-24-2024,76888075
08-25-2024,77481959
08-26-2024,77978024
08-27-2024,78595935
08-28-2024,79748110
08-29-2024,79748110
08-30-2024,80252066
08-31-2024,80821589
09-01-2024,81408573
09-02-2024,81929910
09-03-2024,82393601
09-04-2024,82780403
09-05-2024,83090035
09-06-2024,83422571
09-07-2024,83792566
09-08-2024,84139061
09-09-2024,84381812
09-10-2024,84562320
09-11-2024,84562320
09-12-2024,84732514
09-13-2024,84787771
09-14-2024,84973150
09-15-2024,85202336
09-16-2024,85327802
09-17-2024,85499824
09-18-2024,85709938
09-19-2024,85709938
09-20-2024,85781735
09-21-2024,85522031
09-22-2024,85385051
09-23-2024,85203503
09-24-2024,84991866
09-25-2024,84749888
09-26-2024,84478664
09-27-2024,84291732
09-28-2024,84005322
09-29-2024,83708507
09-30-2024,83307648
10-01-2024,82978973
10-02-2024,82404387
10-03-2024,82404387
10-04-2024,82070466
10-05-2024,81800898
10-06-2024,81542837
10-07-2024,81276760
10-08-2024,81067932
